business_id,date,code,description
1234,20120412,19,"FOOD EQUIPMENT & UTENSILS: Food/Non-food contact surfaces of equip/utensils clean"
1234,20120412,20,"FOOD EQUIPMENT & UTENSILS: Storage, handling of clean equipment/utensils/single service articles"
1234,20120412,18,"FOOD EQUIPMENT & UTENSILS: Wiping cloths clean, use restricted"
1234,20120412,15,"FOOD EQUIPMENT & UTENSILS: Food/Non-food contact surfaces designed, constructed, maintained, installed"
1234,20121105,32,"LIGHTING: Lighting provided as required, fixtures shielded"
